city,location,developer,down_payment_pct,installment_years,plan_summary
Lahore,Wapda Town,Wapda Town Developers Pvt. Ltd.,10,5,"10% down payment, remaining balance in 5-year quarterly installments through Wapda Town Developers Pvt. Ltd.."
Lahore,DHA Defence,DHA City Developer Authority,15,4,"15% down payment, remaining balance in 4-year quarterly installments through DHA City Developer Authority."
Karachi,Jamshed Town,Jamshed Town Developers Pvt. Ltd.,15,2,"15% down payment, remaining balance in 2-year quarterly installments through Jamshed Town Developers Pvt. Ltd.."
Lahore,Garden Town,Garden Town Developers Pvt. Ltd.,25,5,"25% down payment, remaining balance in 5-year quarterly installments through Garden Town Developers Pvt. Ltd.."
Karachi,Malir,Malir Developers Pvt. Ltd.,10,2,"10% down payment, remaining balance in 2-year quarterly installments through Malir Developers Pvt. Ltd.."
Karachi,North Nazimabad,North Nazimabad Developers Pvt. Ltd.,15,5,"15% down payment, remaining balance in 5-year quarterly installments through North Nazimabad Developers Pvt. Ltd.."
Islamabad,DHA Defence,DHA City Developer Authority,15,3,"15% down payment, remaining balance in 3-year quarterly installments through DHA City Developer Authority."
Rawalpindi,Bahria Town Rawalpindi,Bahria Town Rawalpindi Developers Pvt. Ltd.,15,5,"15% down payment, remaining balance in 5-year quarterly installments through Bahria Town Rawalpindi Developers Pvt. Ltd.."
Karachi,Gadap Town,Gadap Town Developers Pvt. Ltd.,15,5,"15% down payment, remaining balance in 5-year quarterly installments through Gadap Town Developers Pvt. Ltd.."
Lahore,Shershah Colony - Raiwind Road,Shershah Colony - Raiwind Road Developers Pvt. Ltd.,15,4,"15% down payment, remaining balance in 4-year quarterly installments through Shershah Colony - Raiwind Road Developers Pvt. Ltd.."
Islamabad,F-7,F-7 Developers Pvt. Ltd.,25,3,"25% down payment, remaining balance in 3-year quarterly installments through F-7 Developers Pvt. Ltd.."
Faisalabad,Saeed Colony,Saeed Colony Developers Pvt. Ltd.,20,3,"20% down payment, remaining balance in 3-year quarterly installments through Saeed Colony Developers Pvt. Ltd.."
Islamabad,G-11,G-11 Developers Pvt. Ltd.,20,4,"20% down payment, remaining balance in 4-year quarterly installments through G-11 Developers Pvt. Ltd.."
Islamabad,F-10,F-10 Developers Pvt. Ltd.,20,2,"20% down payment, remaining balance in 2-year quarterly installments through F-10 Developers Pvt. Ltd.."
Lahore,Divine Gardens,Divine Gardens Developers Pvt. Ltd.,15,3,"15% down payment, remaining balance in 3-year quarterly installments through Divine Gardens Developers Pvt. Ltd.."
Karachi,Scheme 33,Scheme 33 Developers Pvt. Ltd.,15,3,"15% down payment, remaining balance in 3-year quarterly installments through Scheme 33 Developers Pvt. Ltd.."
Lahore,Askari,Askari Developers Pvt. Ltd.,25,5,"25% down payment, remaining balance in 5-year quarterly installments through Askari Developers Pvt. Ltd.."
Karachi,Bath Island,Bath Island Developers Pvt. Ltd.,10,2,"10% down payment, remaining balance in 2-year quarterly installments through Bath Island Developers Pvt. Ltd.."
Lahore,Main Canal Bank Road,Main Canal Bank Road Developers Pvt. Ltd.,10,5,"10% down payment, remaining balance in 5-year quarterly installments through Main Canal Bank Road Developers Pvt. Ltd.."
Karachi,BMCHS,BMCHS Developers Pvt. Ltd.,15,5,"15% down payment, remaining balance in 5-year quarterly installments through BMCHS Developers Pvt. Ltd.."
Islamabad,H-13,H-13 Developers Pvt. Ltd.,15,4,"15% down payment, remaining balance in 4-year quarterly installments through H-13 Developers Pvt. Ltd.."
Karachi,Gulistan-e-Jauhar,Gulistan-e-Jauhar Developers Pvt. Ltd.,25,4,"25% down payment, remaining balance in 4-year quarterly installments through Gulistan-e-Jauhar Developers Pvt. Ltd.."
Karachi,North Karachi,North Karachi Developers Pvt. Ltd.,15,2,"15% down payment, remaining balance in 2-year quarterly installments through North Karachi Developers Pvt. Ltd.."
Islamabad,G-9,G-9 Developers Pvt. Ltd.,25,4,"25% down payment, remaining balance in 4-year quarterly installments through G-9 Developers Pvt. Ltd.."
Faisalabad,Others,Others Developers Pvt. Ltd.,15,2,"15% down payment, remaining balance in 2-year quarterly installments through Others Developers Pvt. Ltd.."
Islamabad,Bani Gala,Bani Gala Developers Pvt. Ltd.,20,3,"20% down payment, remaining balance in 3-year quarterly installments through Bani Gala Developers Pvt. Ltd.."
Lahore,Lahore Canal Bank Cooperative Housing Society,Lahore Canal Bank Cooperative Housing Society Developers Pvt. Ltd.,15,5,"15% down payment, remaining balance in 5-year quarterly installments through Lahore Canal Bank Cooperative Housing Society Developers Pvt. Ltd.."
Karachi,Bahria Town Karachi,Bahria Town Karachi Developers Pvt. Ltd.,10,3,"10% down payment, remaining balance in 3-year quarterly installments through Bahria Town Karachi Developers Pvt. Ltd.."
Islamabad,Bahria Town,Bahria Town Pvt. Ltd.,25,3,"25% down payment, remaining balance in 3-year quarterly installments through Bahria Town Pvt. Ltd.."
Rawalpindi,Askari 4,Askari 4 Developers Pvt. Ltd.,10,5,"10% down payment, remaining balance in 5-year quarterly installments through Askari 4 Developers Pvt. Ltd.."
Lahore,Al Rehman Garden,Al Rehman Garden Developers Pvt. Ltd.,15,2,"15% down payment, remaining balance in 2-year quarterly installments through Al Rehman Garden Developers Pvt. Ltd.."
Faisalabad,Eden Orchard,Eden Orchard Developers Pvt. Ltd.,25,3,"25% down payment, remaining balance in 3-year quarterly installments through Eden Orchard Developers Pvt. Ltd.."
Lahore,Lalazar,Lalazar Developers Pvt. Ltd.,10,3,"10% down payment, remaining balance in 3-year quarterly installments through Lalazar Developers Pvt. Ltd.."
Islamabad,I-10,I-10 Developers Pvt. Ltd.,15,3,"15% down payment, remaining balance in 3-year quarterly installments through I-10 Developers Pvt. Ltd.."
Karachi,DHA Defence,DHA City Developer Authority,10,3,"10% down payment, remaining balance in 3-year quarterly installments through DHA City Developer Authority."
Lahore,Bahria Town,Bahria Town Pvt. Ltd.,15,2,"15% down payment, remaining balance in 2-year quarterly installments through Bahria Town Pvt. Ltd.."
Islamabad,I-8,I-8 Developers Pvt. Ltd.,25,5,"25% down payment, remaining balance in 5-year quarterly installments through I-8 Developers Pvt. Ltd.."
Lahore,Habibullah Road,Habibullah Road Developers Pvt. Ltd.,20,5,"20% down payment, remaining balance in 5-year quarterly installments through Habibullah Road Developers Pvt. Ltd.."
Lahore,Sabzazar Scheme,Sabzazar Scheme Developers Pvt. Ltd.,20,2,"20% down payment, remaining balance in 2-year quarterly installments through Sabzazar Scheme Developers Pvt. Ltd.."
Islamabad,F-11,F-11 Developers Pvt. Ltd.,15,2,"15% down payment, remaining balance in 2-year quarterly installments through F-11 Developers Pvt. Ltd.."
Islamabad,Soan Garden,Soan Garden Developers Pvt. Ltd.,20,5,"20% down payment, remaining balance in 5-year quarterly installments through Soan Garden Developers Pvt. Ltd.."
Karachi,Korangi,Korangi Developers Pvt. Ltd.,25,5,"25% down payment, remaining balance in 5-year quarterly installments through Korangi Developers Pvt. Ltd.."
Lahore,Izmir Town,Izmir Town Developers Pvt. Ltd.,25,5,"25% down payment, remaining balance in 5-year quarterly installments through Izmir Town Developers Pvt. Ltd.."
Karachi,Al-Manzar Society,Al-Manzar Society Developers Pvt. Ltd.,15,5,"15% down payment, remaining balance in 5-year quarterly installments through Al-Manzar Society Developers Pvt. Ltd.."
Lahore,Jubilee Town,Jubilee Town Developers Pvt. Ltd.,15,2,"15% down payment, remaining balance in 2-year quarterly installments through Jubilee Town Developers Pvt. Ltd.."
Islamabad,Ghauri Town,Ghauri Town Developers Pvt. Ltd.,20,3,"20% down payment, remaining balance in 3-year quarterly installments through Ghauri Town Developers Pvt. Ltd.."
Lahore,Pak Arab Housing Society,Pak Arab Housing Society Developers Pvt. Ltd.,20,2,"20% down payment, remaining balance in 2-year quarterly installments through Pak Arab Housing Society Developers Pvt. Ltd.."
Islamabad,Pakistan Town,Pakistan Town Developers Pvt. Ltd.,20,5,"20% down payment, remaining balance in 5-year quarterly installments through Pakistan Town Developers Pvt. Ltd.."
Faisalabad,Satiana Road,Satiana Road Developers Pvt. Ltd.,25,3,"25% down payment, remaining balance in 3-year quarterly installments through Satiana Road Developers Pvt. Ltd.."
Lahore,Harbanspura,Harbanspura Developers Pvt. Ltd.,10,3,"10% down payment, remaining balance in 3-year quarterly installments through Harbanspura Developers Pvt. Ltd.."
Faisalabad,Officers Colony,Officers Colony Developers Pvt. Ltd.,25,4,"25% down payment, remaining balance in 4-year quarterly installments through Officers Colony Developers Pvt. Ltd.."
Lahore,Anarkali,Anarkali Developers Pvt. Ltd.,20,5,"20% down payment, remaining balance in 5-year quarterly installments through Anarkali Developers Pvt. Ltd.."
Islamabad,Bhara kahu,Bhara kahu Developers Pvt. Ltd.,25,2,"25% down payment, remaining balance in 2-year quarterly installments through Bhara kahu Developers Pvt. Ltd.."
Rawalpindi,Chakri,Chakri Developers Pvt. Ltd.,10,2,"10% down payment, remaining balance in 2-year quarterly installments through Chakri Developers Pvt. Ltd.."
Islamabad,F-8,F-8 Developers Pvt. Ltd.,25,4,"25% down payment, remaining balance in 4-year quarterly installments through F-8 Developers Pvt. Ltd.."
Islamabad,G-13,G-13 Developers Pvt. Ltd.,20,3,"20% down payment, remaining balance in 3-year quarterly installments through G-13 Developers Pvt. Ltd.."
Lahore,IBL Housing Scheme,IBL Housing Scheme Developers Pvt. Ltd.,20,4,"20% down payment, remaining balance in 4-year quarterly installments through IBL Housing Scheme Developers Pvt. Ltd.."
Islamabad,D-17,D-17 Developers Pvt. Ltd.,20,3,"20% down payment, remaining balance in 3-year quarterly installments through D-17 Developers Pvt. Ltd.."
Lahore,Labor Colony,Labor Colony Developers Pvt. Ltd.,10,4,"10% down payment, remaining balance in 4-year quarterly installments through Labor Colony Developers Pvt. Ltd.."
Islamabad,National Police Foundation,National Police Foundation Developers Pvt. Ltd.,20,3,"20% down payment, remaining balance in 3-year quarterly installments through National Police Foundation Developers Pvt. Ltd.."
Rawalpindi,Adiala Road,Adiala Road Developers Pvt. Ltd.,25,4,"25% down payment, remaining balance in 4-year quarterly installments through Adiala Road Developers Pvt. Ltd.."
Islamabad,Naval Anchorage,Naval Anchorage Developers Pvt. Ltd.,25,4,"25% down payment, remaining balance in 4-year quarterly installments through Naval Anchorage Developers Pvt. Ltd.."
Lahore,Gulberg,Gulberg Greens Developers,15,2,"15% down payment, remaining balance in 2-year quarterly installments through Gulberg Greens Developers."
Lahore,Lalazaar Garden,Lalazaar Garden Developers Pvt. Ltd.,15,3,"15% down payment, remaining balance in 3-year quarterly installments through Lalazaar Garden Developers Pvt. Ltd.."
Karachi,Jamshed Road,Jamshed Road Developers Pvt. Ltd.,25,2,"25% down payment, remaining balance in 2-year quarterly installments through Jamshed Road Developers Pvt. Ltd.."
Islamabad,E-7,E-7 Developers Pvt. Ltd.,15,3,"15% down payment, remaining balance in 3-year quarterly installments through E-7 Developers Pvt. Ltd.."
Lahore,T & T Aabpara Housing Society,T & T Aabpara Housing Society Developers Pvt. Ltd.,20,5,"20% down payment, remaining balance in 5-year quarterly installments through T & T Aabpara Housing Society Developers Pvt. Ltd.."
Karachi,Abul Hassan Isphani Road,Abul Hassan Isphani Road Developers Pvt. Ltd.,10,2,"10% down payment, remaining balance in 2-year quarterly installments through Abul Hassan Isphani Road Developers Pvt. Ltd.."
Rawalpindi,Islamabad Highway,Islamabad Highway Developers Pvt. Ltd.,25,4,"25% down payment, remaining balance in 4-year quarterly installments through Islamabad Highway Developers Pvt. Ltd.."
Islamabad,F-6,F-6 Developers Pvt. Ltd.,25,3,"25% down payment, remaining balance in 3-year quarterly installments through F-6 Developers Pvt. Ltd.."
Islamabad,D-12,D-12 Developers Pvt. Ltd.,10,2,"10% down payment, remaining balance in 2-year quarterly installments through D-12 Developers Pvt. Ltd.."
Lahore,Eden,Eden Developers Pvt. Ltd.,10,4,"10% down payment, remaining balance in 4-year quarterly installments through Eden Developers Pvt. Ltd.."
Lahore,Architects Engineers Housing Society,Architects Engineers Housing Society Developers Pvt. Ltd.,25,3,"25% down payment, remaining balance in 3-year quarterly installments through Architects Engineers Housing Society Developers Pvt. Ltd.."
Islamabad,Shah Allah Ditta,Shah Allah Ditta Developers Pvt. Ltd.,15,3,"15% down payment, remaining balance in 3-year quarterly installments through Shah Allah Ditta Developers Pvt. Ltd.."
Karachi,Defence View Society,Defence View Society Developers Pvt. Ltd.,20,5,"20% down payment, remaining balance in 5-year quarterly installments through Defence View Society Developers Pvt. Ltd.."
Faisalabad,Nishatabad,Nishatabad Developers Pvt. Ltd.,15,3,"15% down payment, remaining balance in 3-year quarterly installments through Nishatabad Developers Pvt. Ltd.."
Rawalpindi,Shalley Valley,Shalley Valley Developers Pvt. Ltd.,10,5,"10% down payment, remaining balance in 5-year quarterly installments through Shalley Valley Developers Pvt. Ltd.."
Lahore,Canal Garden,Canal Garden Developers Pvt. Ltd.,20,4,"20% down payment, remaining balance in 4-year quarterly installments through Canal Garden Developers Pvt. Ltd.."
Islamabad,E-11,E-11 Developers Pvt. Ltd.,25,5,"25% down payment, remaining balance in 5-year quarterly installments through E-11 Developers Pvt. Ltd.."
Karachi,Federal B Area,Federal B Area Developers Pvt. Ltd.,10,2,"10% down payment, remaining balance in 2-year quarterly installments through Federal B Area Developers Pvt. Ltd.."
Karachi,Garden West,Garden West Developers Pvt. Ltd.,20,3,"20% down payment, remaining balance in 3-year quarterly installments through Garden West Developers Pvt. Ltd.."
Karachi,Cantt,Cantt Developers Pvt. Ltd.,20,5,"20% down payment, remaining balance in 5-year quarterly installments through Cantt Developers Pvt. Ltd.."
Lahore,Allama Iqbal Town,Allama Iqbal Town Developers Pvt. Ltd.,25,4,"25% down payment, remaining balance in 4-year quarterly installments through Allama Iqbal Town Developers Pvt. Ltd.."
Lahore,Johar Town,LDA (Lahore Development Authority),10,4,"10% down payment, remaining balance in 4-year quarterly installments through LDA (Lahore Development Authority)."
Lahore,Samanabad,Samanabad Developers Pvt. Ltd.,15,5,"15% down payment, remaining balance in 5-year quarterly installments through Samanabad Developers Pvt. Ltd.."
Lahore,Ichhra,Ichhra Developers Pvt. Ltd.,10,4,"10% down payment, remaining balance in 4-year quarterly installments through Ichhra Developers Pvt. Ltd.."
Faisalabad,Al Rehmat Villas,Al Rehmat Villas Developers Pvt. Ltd.,15,5,"15% down payment, remaining balance in 5-year quarterly installments through Al Rehmat Villas Developers Pvt. Ltd.."
Rawalpindi,Dhok Mangtal,Dhok Mangtal Developers Pvt. Ltd.,20,3,"20% down payment, remaining balance in 3-year quarterly installments through Dhok Mangtal Developers Pvt. Ltd.."
Karachi,Nazimabad,Nazimabad Developers Pvt. Ltd.,20,2,"20% down payment, remaining balance in 2-year quarterly installments through Nazimabad Developers Pvt. Ltd.."
Islamabad,CBR Town,CBR Town Developers Pvt. Ltd.,20,3,"20% down payment, remaining balance in 3-year quarterly installments through CBR Town Developers Pvt. Ltd.."
Lahore,Raiwind Road,Raiwind Road Developers Pvt. Ltd.,25,3,"25% down payment, remaining balance in 3-year quarterly installments through Raiwind Road Developers Pvt. Ltd.."
Islamabad,Korang Town,Korang Town Developers Pvt. Ltd.,10,5,"10% down payment, remaining balance in 5-year quarterly installments through Korang Town Developers Pvt. Ltd.."
Lahore,Cavalry Ground,Cavalry Ground Developers Pvt. Ltd.,15,4,"15% down payment, remaining balance in 4-year quarterly installments through Cavalry Ground Developers Pvt. Ltd.."
Karachi,DHA City Karachi,DHA City Karachi Developers Pvt. Ltd.,10,4,"10% down payment, remaining balance in 4-year quarterly installments through DHA City Karachi Developers Pvt. Ltd.."
Karachi,Navy Housing Scheme Karsaz,Navy Housing Scheme Karsaz Developers Pvt. Ltd.,25,3,"25% down payment, remaining balance in 3-year quarterly installments through Navy Housing Scheme Karsaz Developers Pvt. Ltd.."
Islamabad,PWD Housing Scheme,PWD Housing Scheme Developers Pvt. Ltd.,25,5,"25% down payment, remaining balance in 5-year quarterly installments through PWD Housing Scheme Developers Pvt. Ltd.."
Rawalpindi,Lalkurti,Lalkurti Developers Pvt. Ltd.,20,4,"20% down payment, remaining balance in 4-year quarterly installments through Lalkurti Developers Pvt. Ltd.."
Rawalpindi,Airport Housing Society,Airport Housing Society Developers Pvt. Ltd.,15,4,"15% down payment, remaining balance in 4-year quarterly installments through Airport Housing Society Developers Pvt. Ltd.."
Lahore,Park View Villas,Park View Villas Developers Pvt. Ltd.,15,2,"15% down payment, remaining balance in 2-year quarterly installments through Park View Villas Developers Pvt. Ltd.."
Lahore,Gulshan-e-Lahore,Gulshan-e-Lahore Developers Pvt. Ltd.,10,5,"10% down payment, remaining balance in 5-year quarterly installments through Gulshan-e-Lahore Developers Pvt. Ltd.."
Lahore,State Life Housing Society,State Life Housing Society Developers Pvt. Ltd.,10,3,"10% down payment, remaining balance in 3-year quarterly installments through State Life Housing Society Developers Pvt. Ltd.."
Karachi,Liaquatabad,Liaquatabad Developers Pvt. Ltd.,20,2,"20% down payment, remaining balance in 2-year quarterly installments through Liaquatabad Developers Pvt. Ltd.."
Lahore,Kot Lakhpat,Kot Lakhpat Developers Pvt. Ltd.,20,4,"20% down payment, remaining balance in 4-year quarterly installments through Kot Lakhpat Developers Pvt. Ltd.."
Karachi,Sea View Apartments,Sea View Apartments Developers Pvt. Ltd.,25,2,"25% down payment, remaining balance in 2-year quarterly installments through Sea View Apartments Developers Pvt. Ltd.."
Rawalpindi,Kurri Road,Kurri Road Developers Pvt. Ltd.,25,3,"25% down payment, remaining balance in 3-year quarterly installments through Kurri Road Developers Pvt. Ltd.."
Lahore,EME Society,EME Society Developers Pvt. Ltd.,20,4,"20% down payment, remaining balance in 4-year quarterly installments through EME Society Developers Pvt. Ltd.."
Lahore,Canal Fort II,Canal Fort II Developers Pvt. Ltd.,15,5,"15% down payment, remaining balance in 5-year quarterly installments through Canal Fort II Developers Pvt. Ltd.."
Faisalabad,Millat Town,Millat Town Developers Pvt. Ltd.,10,3,"10% down payment, remaining balance in 3-year quarterly installments through Millat Town Developers Pvt. Ltd.."
Faisalabad,Samanabad Road,Samanabad Road Developers Pvt. Ltd.,25,5,"25% down payment, remaining balance in 5-year quarterly installments through Samanabad Road Developers Pvt. Ltd.."
Lahore,Revenue Society,Revenue Society Developers Pvt. Ltd.,25,5,"25% down payment, remaining balance in 5-year quarterly installments through Revenue Society Developers Pvt. Ltd.."
Lahore,Al-Jannat Housing Society - Kahna,Al-Jannat Housing Society - Kahna Developers Pvt. Ltd.,20,2,"20% down payment, remaining balance in 2-year quarterly installments through Al-Jannat Housing Society - Kahna Developers Pvt. Ltd.."
Lahore,Nasheman-e-Iqbal,Nasheman-e-Iqbal Developers Pvt. Ltd.,25,3,"25% down payment, remaining balance in 3-year quarterly installments through Nasheman-e-Iqbal Developers Pvt. Ltd.."
Karachi,Gulshan-e-Iqbal Town,Gulshan-e-Iqbal Town Developers Pvt. Ltd.,15,4,"15% down payment, remaining balance in 4-year quarterly installments through Gulshan-e-Iqbal Town Developers Pvt. Ltd.."
Karachi,Gulberg Town,Gulberg Town Developers Pvt. Ltd.,20,4,"20% down payment, remaining balance in 4-year quarterly installments through Gulberg Town Developers Pvt. Ltd.."
Islamabad,G-15,G-15 Developers Pvt. Ltd.,10,5,"10% down payment, remaining balance in 5-year quarterly installments through G-15 Developers Pvt. Ltd.."
Lahore,Khayaban-e-Amin,Khayaban-e-Amin Developers Pvt. Ltd.,10,5,"10% down payment, remaining balance in 5-year quarterly installments through Khayaban-e-Amin Developers Pvt. Ltd.."
Faisalabad,Samundari Road,Samundari Road Developers Pvt. Ltd.,25,2,"25% down payment, remaining balance in 2-year quarterly installments through Samundari Road Developers Pvt. Ltd.."
Faisalabad,Gulshan e Madina,Gulshan e Madina Developers Pvt. Ltd.,20,4,"20% down payment, remaining balance in 4-year quarterly installments through Gulshan e Madina Developers Pvt. Ltd.."
Faisalabad,Canal Road,Canal Road Developers Pvt. Ltd.,20,4,"20% down payment, remaining balance in 4-year quarterly installments through Canal Road Developers Pvt. Ltd.."
Lahore,Military Accounts Housing Society,Military Accounts Housing Society Developers Pvt. Ltd.,15,2,"15% down payment, remaining balance in 2-year quarterly installments through Military Accounts Housing Society Developers Pvt. Ltd.."
Islamabad,I-12,I-12 Developers Pvt. Ltd.,20,3,"20% down payment, remaining balance in 3-year quarterly installments through I-12 Developers Pvt. Ltd.."
Lahore,Faisal Town,Faisal Town Developers Pvt. Ltd.,20,4,"20% down payment, remaining balance in 4-year quarterly installments through Faisal Town Developers Pvt. Ltd.."
Karachi,Falcon Complex Faisal,Falcon Complex Faisal Developers Pvt. Ltd.,10,4,"10% down payment, remaining balance in 4-year quarterly installments through Falcon Complex Faisal Developers Pvt. Ltd.."
Lahore,Bahria Orchard,Bahria Orchard Developers Pvt. Ltd.,20,3,"20% down payment, remaining balance in 3-year quarterly installments through Bahria Orchard Developers Pvt. Ltd.."
Rawalpindi,Rail View Housing Society,Rail View Housing Society Developers Pvt. Ltd.,15,4,"15% down payment, remaining balance in 4-year quarterly installments through Rail View Housing Society Developers Pvt. Ltd.."
Rawalpindi,Tulsa Road,Tulsa Road Developers Pvt. Ltd.,15,4,"15% down payment, remaining balance in 4-year quarterly installments through Tulsa Road Developers Pvt. Ltd.."
Lahore,Defence Road,Defence Road Developers Pvt. Ltd.,25,3,"25% down payment, remaining balance in 3-year quarterly installments through Defence Road Developers Pvt. Ltd.."
Islamabad,Gulberg,Gulberg Greens Developers,20,5,"20% down payment, remaining balance in 5-year quarterly installments through Gulberg Greens Developers."
Lahore,Islampura,Islampura Developers Pvt. Ltd.,10,2,"10% down payment, remaining balance in 2-year quarterly installments through Islampura Developers Pvt. Ltd.."
Lahore,Lake City,Lake City Developers Pvt. Ltd.,25,5,"25% down payment, remaining balance in 5-year quarterly installments through Lake City Developers Pvt. Ltd.."
Lahore,Punjab Govt Employees Society,Punjab Govt Employees Society Developers Pvt. Ltd.,10,5,"10% down payment, remaining balance in 5-year quarterly installments through Punjab Govt Employees Society Developers Pvt. Ltd.."
Lahore,Garhi Shahu,Garhi Shahu Developers Pvt. Ltd.,20,3,"20% down payment, remaining balance in 3-year quarterly installments through Garhi Shahu Developers Pvt. Ltd.."
Lahore,Paragon City,Paragon City Developers Pvt. Ltd.,25,5,"25% down payment, remaining balance in 5-year quarterly installments through Paragon City Developers Pvt. Ltd.."
Karachi,Fazaia Housing Scheme,Fazaia Housing Scheme Developers Pvt. Ltd.,20,4,"20% down payment, remaining balance in 4-year quarterly installments through Fazaia Housing Scheme Developers Pvt. Ltd.."
Islamabad,Faisal Town - F-18,Faisal Town - F-18 Developers Pvt. Ltd.,15,4,"15% down payment, remaining balance in 4-year quarterly installments through Faisal Town - F-18 Developers Pvt. Ltd.."
Rawalpindi,Gulraiz Housing Scheme,Gulraiz Housing Scheme Developers Pvt. Ltd.,20,2,"20% down payment, remaining balance in 2-year quarterly installments through Gulraiz Housing Scheme Developers Pvt. Ltd.."
Lahore,Badami Bagh,Badami Bagh Developers Pvt. Ltd.,20,2,"20% down payment, remaining balance in 2-year quarterly installments through Badami Bagh Developers Pvt. Ltd.."
Karachi,Korangi Road,Korangi Road Developers Pvt. Ltd.,15,5,"15% down payment, remaining balance in 5-year quarterly installments through Korangi Road Developers Pvt. Ltd.."
Faisalabad,Khayaban Colony,Khayaban Colony Developers Pvt. Ltd.,10,5,"10% down payment, remaining balance in 5-year quarterly installments through Khayaban Colony Developers Pvt. Ltd.."
Faisalabad,Hamza Villas,Hamza Villas Developers Pvt. Ltd.,25,4,"25% down payment, remaining balance in 4-year quarterly installments through Hamza Villas Developers Pvt. Ltd.."
Islamabad,B-17,B-17 Developers Pvt. Ltd.,15,4,"15% down payment, remaining balance in 4-year quarterly installments through B-17 Developers Pvt. Ltd.."
Lahore,Bismillah Housing Scheme,Bismillah Housing Scheme Developers Pvt. Ltd.,20,5,"20% down payment, remaining balance in 5-year quarterly installments through Bismillah Housing Scheme Developers Pvt. Ltd.."
Karachi,Shah Faisal Town,Shah Faisal Town Developers Pvt. Ltd.,25,4,"25% down payment, remaining balance in 4-year quarterly installments through Shah Faisal Town Developers Pvt. Ltd.."
Faisalabad,Wapda City,Wapda City Developers Pvt. Ltd.,25,3,"25% down payment, remaining balance in 3-year quarterly installments through Wapda City Developers Pvt. Ltd.."
Lahore,Hakim Town,Hakim Town Developers Pvt. Ltd.,10,4,"10% down payment, remaining balance in 4-year quarterly installments through Hakim Town Developers Pvt. Ltd.."
Rawalpindi,Allahabad Road,Allahabad Road Developers Pvt. Ltd.,10,3,"10% down payment, remaining balance in 3-year quarterly installments through Allahabad Road Developers Pvt. Ltd.."
Karachi,Etawa Society,Etawa Society Developers Pvt. Ltd.,10,4,"10% down payment, remaining balance in 4-year quarterly installments through Etawa Society Developers Pvt. Ltd.."
Lahore,Peco Road,Peco Road Developers Pvt. Ltd.,25,2,"25% down payment, remaining balance in 2-year quarterly installments through Peco Road Developers Pvt. Ltd.."
Lahore,Hamza Town,Hamza Town Developers Pvt. Ltd.,25,4,"25% down payment, remaining balance in 4-year quarterly installments through Hamza Town Developers Pvt. Ltd.."
Lahore,Model Town,Model Town Developers Pvt. Ltd.,20,5,"20% down payment, remaining balance in 5-year quarterly installments through Model Town Developers Pvt. Ltd.."
Rawalpindi,Askari 14,Askari 14 Developers Pvt. Ltd.,25,4,"25% down payment, remaining balance in 4-year quarterly installments through Askari 14 Developers Pvt. Ltd.."
Faisalabad,Punjab Govt. Servants Housing Foundation,Punjab Govt. Servants Housing Foundation Developers Pvt. Ltd.,15,3,"15% down payment, remaining balance in 3-year quarterly installments through Punjab Govt. Servants Housing Foundation Developers Pvt. Ltd.."
Faisalabad,Jaranwala,Jaranwala Developers Pvt. Ltd.,15,4,"15% down payment, remaining balance in 4-year quarterly installments through Jaranwala Developers Pvt. Ltd.."
Faisalabad,Ismail Valley,Ismail Valley Developers Pvt. Ltd.,20,5,"20% down payment, remaining balance in 5-year quarterly installments through Ismail Valley Developers Pvt. Ltd.."
Karachi,Clifton,Clifton Developers Pvt. Ltd.,10,2,"10% down payment, remaining balance in 2-year quarterly installments through Clifton Developers Pvt. Ltd.."
Lahore,Punjab Coop Housing Society,Punjab Coop Housing Society Developers Pvt. Ltd.,15,4,"15% down payment, remaining balance in 4-year quarterly installments through Punjab Coop Housing Society Developers Pvt. Ltd.."
Rawalpindi,Rawat,Rawat Developers Pvt. Ltd.,10,5,"10% down payment, remaining balance in 5-year quarterly installments through Rawat Developers Pvt. Ltd.."
Faisalabad,Madina Town,Madina Town Developers Pvt. Ltd.,20,5,"20% down payment, remaining balance in 5-year quarterly installments through Madina Town Developers Pvt. Ltd.."
Rawalpindi,Satellite Town,Satellite Town Developers Pvt. Ltd.,25,3,"25% down payment, remaining balance in 3-year quarterly installments through Satellite Town Developers Pvt. Ltd.."
Lahore,Bedian Road,Bedian Road Developers Pvt. Ltd.,10,4,"10% down payment, remaining balance in 4-year quarterly installments through Bedian Road Developers Pvt. Ltd.."
Lahore,Nishtar Colony,Nishtar Colony Developers Pvt. Ltd.,15,5,"15% down payment, remaining balance in 5-year quarterly installments through Nishtar Colony Developers Pvt. Ltd.."
Rawalpindi,Westridge,Westridge Developers Pvt. Ltd.,10,5,"10% down payment, remaining balance in 5-year quarterly installments through Westridge Developers Pvt. Ltd.."
Rawalpindi,Chaklala Scheme,Chaklala Scheme Developers Pvt. Ltd.,10,2,"10% down payment, remaining balance in 2-year quarterly installments through Chaklala Scheme Developers Pvt. Ltd.."
Islamabad,FECHS,FECHS Developers Pvt. Ltd.,25,5,"25% down payment, remaining balance in 5-year quarterly installments through FECHS Developers Pvt. Ltd.."
Rawalpindi,Khayaban-e-Sir Syed,Khayaban-e-Sir Syed Developers Pvt. Ltd.,10,4,"10% down payment, remaining balance in 4-year quarterly installments through Khayaban-e-Sir Syed Developers Pvt. Ltd.."
Karachi,Mehmoodabad,Mehmoodabad Developers Pvt. Ltd.,20,4,"20% down payment, remaining balance in 4-year quarterly installments through Mehmoodabad Developers Pvt. Ltd.."
Lahore,Valencia Housing Society,Valencia Housing Society Developers Pvt. Ltd.,15,4,"15% down payment, remaining balance in 4-year quarterly installments through Valencia Housing Society Developers Pvt. Ltd.."
Islamabad,Kashmir Highway,Kashmir Highway Developers Pvt. Ltd.,25,3,"25% down payment, remaining balance in 3-year quarterly installments through Kashmir Highway Developers Pvt. Ltd.."
Lahore,Hassan Town,Hassan Town Developers Pvt. Ltd.,10,5,"10% down payment, remaining balance in 5-year quarterly installments through Hassan Town Developers Pvt. Ltd.."
Karachi,Punjab Colony,Punjab Colony Developers Pvt. Ltd.,20,4,"20% down payment, remaining balance in 4-year quarterly installments through Punjab Colony Developers Pvt. Ltd.."
Lahore,Cantt,Cantt Developers Pvt. Ltd.,25,4,"25% down payment, remaining balance in 4-year quarterly installments through Cantt Developers Pvt. Ltd.."
Karachi,Khayaban-e-Ittehad Road,Khayaban-e-Ittehad Road Developers Pvt. Ltd.,20,2,"20% down payment, remaining balance in 2-year quarterly installments through Khayaban-e-Ittehad Road Developers Pvt. Ltd.."
Rawalpindi,Gulzar-e-Quaid Housing Society,Gulzar-e-Quaid Housing Society Developers Pvt. Ltd.,25,3,"25% down payment, remaining balance in 3-year quarterly installments through Gulzar-e-Quaid Housing Society Developers Pvt. Ltd.."
Rawalpindi,New Lalazar,New Lalazar Developers Pvt. Ltd.,20,2,"20% down payment, remaining balance in 2-year quarterly installments through New Lalazar Developers Pvt. Ltd.."
Karachi,Khalid Bin Walid Road,Khalid Bin Walid Road Developers Pvt. Ltd.,20,3,"20% down payment, remaining balance in 3-year quarterly installments through Khalid Bin Walid Road Developers Pvt. Ltd.."
Islamabad,Islamabad Highway,Islamabad Highway Developers Pvt. Ltd.,10,2,"10% down payment, remaining balance in 2-year quarterly installments through Islamabad Highway Developers Pvt. Ltd.."
Faisalabad,Al Noor Garden,Al Noor Garden Developers Pvt. Ltd.,20,5,"20% down payment, remaining balance in 5-year quarterly installments through Al Noor Garden Developers Pvt. Ltd.."
Lahore,Upper Mall,Upper Mall Developers Pvt. Ltd.,10,2,"10% down payment, remaining balance in 2-year quarterly installments through Upper Mall Developers Pvt. Ltd.."
Islamabad,Margalla Town,Margalla Town Developers Pvt. Ltd.,15,4,"15% down payment, remaining balance in 4-year quarterly installments through Margalla Town Developers Pvt. Ltd.."
Faisalabad,Ayub Colony,Ayub Colony Developers Pvt. Ltd.,15,2,"15% down payment, remaining balance in 2-year quarterly installments through Ayub Colony Developers Pvt. Ltd.."
Karachi,Sindh Industrial Trading Estate (SITE),Sindh Industrial Trading Estate (SITE) Developers Pvt. Ltd.,10,3,"10% down payment, remaining balance in 3-year quarterly installments through Sindh Industrial Trading Estate (SITE) Developers Pvt. Ltd.."
Rawalpindi,Media Town,Media Town Developers Pvt. Ltd.,25,4,"25% down payment, remaining balance in 4-year quarterly installments through Media Town Developers Pvt. Ltd.."
Rawalpindi,Muslim Town,Muslim Town Developers Pvt. Ltd.,25,4,"25% down payment, remaining balance in 4-year quarterly installments through Muslim Town Developers Pvt. Ltd.."
Lahore,Gulshan-e-Ravi,Gulshan-e-Ravi Developers Pvt. Ltd.,20,5,"20% down payment, remaining balance in 5-year quarterly installments through Gulshan-e-Ravi Developers Pvt. Ltd.."
Lahore,Al-Raziq Garden,Al-Raziq Garden Developers Pvt. Ltd.,25,5,"25% down payment, remaining balance in 5-year quarterly installments through Al-Raziq Garden Developers Pvt. Ltd.."
Lahore,Mateen Avenue,Mateen Avenue Developers Pvt. Ltd.,20,3,"20% down payment, remaining balance in 3-year quarterly installments through Mateen Avenue Developers Pvt. Ltd.."
Lahore,Sami Town,Sami Town Developers Pvt. Ltd.,10,5,"10% down payment, remaining balance in 5-year quarterly installments through Sami Town Developers Pvt. Ltd.."
Lahore,Ghous Garden,Ghous Garden Developers Pvt. Ltd.,20,2,"20% down payment, remaining balance in 2-year quarterly installments through Ghous Garden Developers Pvt. Ltd.."
Lahore,Ittifaq Town,Ittifaq Town Developers Pvt. Ltd.,25,4,"25% down payment, remaining balance in 4-year quarterly installments through Ittifaq Town Developers Pvt. Ltd.."
Faisalabad,Makkah Garden,Makkah Garden Developers Pvt. Ltd.,15,4,"15% down payment, remaining balance in 4-year quarterly installments through Makkah Garden Developers Pvt. Ltd.."
Lahore,Nawab Town,Nawab Town Developers Pvt. Ltd.,10,2,"10% down payment, remaining balance in 2-year quarterly installments through Nawab Town Developers Pvt. Ltd.."
Lahore,Islamia Park,Islamia Park Developers Pvt. Ltd.,20,5,"20% down payment, remaining balance in 5-year quarterly installments through Islamia Park Developers Pvt. Ltd.."
Islamabad,G-10,G-10 Developers Pvt. Ltd.,25,3,"25% down payment, remaining balance in 3-year quarterly installments through G-10 Developers Pvt. Ltd.."
Rawalpindi,Dhok Sayedan Road,Dhok Sayedan Road Developers Pvt. Ltd.,10,4,"10% down payment, remaining balance in 4-year quarterly installments through Dhok Sayedan Road Developers Pvt. Ltd.."
Lahore,Abdul Sattar Edhi Road,Abdul Sattar Edhi Road Developers Pvt. Ltd.,25,3,"25% down payment, remaining balance in 3-year quarterly installments through Abdul Sattar Edhi Road Developers Pvt. Ltd.."
Lahore,Lahore Medical Housing Society,Lahore Medical Housing Society Developers Pvt. Ltd.,25,4,"25% down payment, remaining balance in 4-year quarterly installments through Lahore Medical Housing Society Developers Pvt. Ltd.."
Faisalabad,Eden Gardens,Eden Gardens Developers Pvt. Ltd.,10,2,"10% down payment, remaining balance in 2-year quarterly installments through Eden Gardens Developers Pvt. Ltd.."
Islamabad,Jhangi Syedan,Jhangi Syedan Developers Pvt. Ltd.,10,4,"10% down payment, remaining balance in 4-year quarterly installments through Jhangi Syedan Developers Pvt. Ltd.."
Lahore,Mughalpura,Mughalpura Developers Pvt. Ltd.,20,4,"20% down payment, remaining balance in 4-year quarterly installments through Mughalpura Developers Pvt. Ltd.."
Lahore,Tricon Village,Tricon Village Developers Pvt. Ltd.,15,5,"15% down payment, remaining balance in 5-year quarterly installments through Tricon Village Developers Pvt. Ltd.."
Rawalpindi,Holy Family Road,Holy Family Road Developers Pvt. Ltd.,20,5,"20% down payment, remaining balance in 5-year quarterly installments through Holy Family Road Developers Pvt. Ltd.."
Lahore,Kahna,Kahna Developers Pvt. Ltd.,20,4,"20% down payment, remaining balance in 4-year quarterly installments through Kahna Developers Pvt. Ltd.."
Faisalabad,Jhang Road,Jhang Road Developers Pvt. Ltd.,20,3,"20% down payment, remaining balance in 3-year quarterly installments through Jhang Road Developers Pvt. Ltd.."
Islamabad,Madina Town,Madina Town Developers Pvt. Ltd.,25,2,"25% down payment, remaining balance in 2-year quarterly installments through Madina Town Developers Pvt. Ltd.."
Lahore,Allama Iqbal Road,Allama Iqbal Road Developers Pvt. Ltd.,15,4,"15% down payment, remaining balance in 4-year quarterly installments through Allama Iqbal Road Developers Pvt. Ltd.."
Rawalpindi,Farooq-e-Azam Road,Farooq-e-Azam Road Developers Pvt. Ltd.,20,4,"20% down payment, remaining balance in 4-year quarterly installments through Farooq-e-Azam Road Developers Pvt. Ltd.."
Lahore,Tajpura,Tajpura Developers Pvt. Ltd.,10,4,"10% down payment, remaining balance in 4-year quarterly installments through Tajpura Developers Pvt. Ltd.."
Karachi,New Karachi,New Karachi Developers Pvt. Ltd.,25,5,"25% down payment, remaining balance in 5-year quarterly installments through New Karachi Developers Pvt. Ltd.."
Karachi,Orangi Town,Orangi Town Developers Pvt. Ltd.,15,2,"15% down payment, remaining balance in 2-year quarterly installments through Orangi Town Developers Pvt. Ltd.."
Karachi,KDA Scheme 1,KDA Scheme 1 Developers Pvt. Ltd.,10,3,"10% down payment, remaining balance in 3-year quarterly installments through KDA Scheme 1 Developers Pvt. Ltd.."
Lahore,Township,Township Developers Pvt. Ltd.,20,4,"20% down payment, remaining balance in 4-year quarterly installments through Township Developers Pvt. Ltd.."
